<ImportExportXml xmlns:xsi="http://www.w3.org/2001/XMLSchema-instance">
  <Entities></Entities>
  <Roles></Roles>
  <Workflows></Workflows>
  <FieldSecurityProfiles></FieldSecurityProfiles>
  <Templates />
  <EntityMaps />
  <EntityRelationships />
  <OrganizationSettings />
  <optionsets />
  <CustomControls />
  <EntityDataProviders />
  <CanvasApps>
    <CanvasApp>
      <Name>dtobtn_sscofficereservationspcrservationdebureau_963fd</Name>
      <AppVersion>2020-10-29T15:12:28Z</AppVersion>
      <Status>Ready</Status>
      <CreatedByClientVersion>3.20103.28.0</CreatedByClientVersion>
      <MinClientVersion>3.20103.28.0</MinClientVersion>
      <Tags>{"primaryDeviceWidth":"640","primaryDeviceHeight":"1136","sienaVersion":"1e0f0cdd-e46c-4ba5-9d7c-28b9d9764200","deviceCapabilities":"","supportsPortrait":"true","supportsLandscape":"false","primaryFormFactor":"Phone","publisherVersion":"3.20103.28","minimumRequiredApiVersion":"2.2.0","hasComponent":"false","hasUnlockedComponent":"false","isUnifiedRootApp":"false"}</Tags>
      <IsCdsUpgraded>0</IsCdsUpgraded>
      <GalleryItemId xsi:nil="true"></GalleryItemId>
      <BackgroundColor>rgba(81, 92, 107, 1)</BackgroundColor>
      <DisplayName>SSC Office Entry App - Application d'entrée au bureau SPC</DisplayName>
      <Description>This app supports a safe, organized and gradual return to workplaces by allowing SSC employees to reserve office space.
――――
Cette application favoriser un retour sécuritaire, organisé et progressif sur les lieux de travail en permettant aux employés de SPC de réserver un espace de bureau.</Description>
      <CommitMessage>Remove auto focus set on select entry date screen</CommitMessage>
      <Publisher></Publisher>
      <AuthorizationReferences xsi:nil="true"></AuthorizationReferences>
      <ConnectionReferences>{"55c27bf3-f9ca-4ba2-ac64-5bb977a3b593":{"id":"/providers/microsoft.powerapps/apis/shared_office365users","displayName":"Office 365 Users","iconUri":"https://connectoricons-prod.azureedge.net/releases/v1.0.1402/1.0.1402.2163/office365users/icon.png","dataSources":["Office365Users"],"dependencies":[],"dependents":[],"parameterHints":{},"isOnPremiseConnection":false,"bypassConsent":false,"dataSets":{},"apiTier":"Standard","actions":["MyProfileV2","SearchUser"]},"c002fb40-1755-433a-a070-1f84c36d1c3a":{"id":"/providers/microsoft.powerapps/apis/shared_sharepointonline","displayName":"SharePoint","iconUri":"https://connectoricons-prod.azureedge.net/releases/v1.0.1402/1.0.1402.2163/sharepointonline/icon.png","dataSources":["AccessRequest","Building","Floor","TestResults","UserSetting","VisitorLog"],"dependencies":[],"dependents":[],"parameterHints":{},"isOnPremiseConnection":false,"bypassConsent":false,"dataSets":{"https://163gc.sharepoint.com/sites/OfficeReservationSystem/DEV":{"dataSources":{"AccessRequest":{"tableName":"2bfd69c2-f672-4b6b-b35c-b599f453ac07"},"Building":{"tableName":"207a453c-2f3e-4062-8a81-3063030c49fb"},"Floor":{"tableName":"75b51371-342c-4f61-a0d4-43561cac5a2a"},"TestResults":{"tableName":"c10564f3-945d-4a8d-b0b1-87e3acbccebb"},"UserSetting":{"tableName":"4c3a8261-05a6-4cfb-a928-ff19ff4fe76c"},"VisitorLog":{"tableName":"63583514-561d-4e03-8511-088180933b7a"}}}},"apiTier":"Standard"}}</ConnectionReferences>
      <DatabaseReferences>{}</DatabaseReferences>
      <CanvasAppType>0</CanvasAppType>
      <BypassConsent>0</BypassConsent>
      <AdminControlBypassConsent>0</AdminControlBypassConsent>
      <EmbeddedApp xsi:nil="true"></EmbeddedApp>
      <IntroducedVersion>1.0</IntroducedVersion>
      <CdsDependencies>{"cdsdependencies":[]}</CdsDependencies>
      <BackgroundImageUri>/CanvasApps/dtobtn_sscofficereservationspcrservationdebureau_9_BackgroundImageUri</BackgroundImageUri>
      <DocumentUri>/CanvasApps/dtobtn_sscofficereservationspcrservationdebureau_9_DocumentUri.msapp</DocumentUri>
    </CanvasApp>
  </CanvasApps>
  <Languages>
    <Language>1033</Language>
  </Languages>
</ImportExportXml>