{"schemaVersion":"1.0","appDefinitionTemplate":{"id":"/providers/Microsoft.PowerApps/apps/","type":"Microsoft.PowerApps/apps","tags":{"primaryDeviceWidth":"640","primaryDeviceHeight":"1136","sienaVersion":"20200914T194625Z-3.20085.19.0","deviceCapabilities":"","supportsPortrait":"true","supportsLandscape":"false","primaryFormFactor":"Phone","publisherVersion":"3.20085.19","minimumRequiredApiVersion":"2.2.0","hasComponent":"false","hasUnlockedComponent":"false","isUnifiedRootApp":"false"},"properties":{"appVersion":"2020-09-14T19:46:25Z","lifeCycleId":"Published","createdByClientVersion":{"major":3,"minor":20085,"build":19,"revision":0,"majorRevision":0,"minorRevision":0},"minClientVersion":{"major":3,"minor":20085,"build":19,"revision":0,"majorRevision":0,"minorRevision":0},"backgroundColor":"rgba(81, 92, 107, 1)","backgroundImageUri":"/9852744903416993095/Nb34f55ac-27d2-4022-86eb-25008cbb1456-logoSmallFile","displayName":"SSC Office Reservation - SPC Réservation de bureau","description":"This app supports a safe, organized and gradual return to workplaces by allowing SSC employees to reserve office space.\n――――\nCette application favoriser un retour sécuritaire, organisé et progressif sur les lieux de travail en permettant aux employés de SPC de réserver un espace de bureau.","commitMessage":"Update view reservation screen style to match time slot select style","appUris":{"documentUri":{"value":"/9852744903416993095/Na88febb3-86d6-4978-8248-b46b6183675a-document.msapp","readonlyValue":"/9852744903416993095/Na88febb3-86d6-4978-8248-b46b6183675a-document.msapp"},"imageUris":[]},"createdTime":"0001-01-01T00:00:00Z","lastModifiedTime":"0001-01-01T00:00:00Z","sharedGroupsCount":0,"sharedUsersCount":0,"icons":{"smallIconUri":"/9852744903416993095/N7ae039d7-13ff-4690-8a8f-cef2283d334d-small.png","mediumIconUri":"/9852744903416993095/N9ee9d24c-262f-4337-b50d-dc1496edf524-medium.png","largeIconUri":"/9852744903416993095/Nb56c620b-61ee-46d4-a7e9-0a6939312342-large.png","wideIconUri":"/9852744903416993095/N0c66ab29-7e3b-4b4c-876b-8f283d9d6674-wide.png"},"connectionReferences":{"55c27bf3-f9ca-4ba2-ac64-5bb977a3b593":{"id":"c733be18-fbe6-44aa-b024-0beee2ac203a","displayName":"Office 365 Users","iconUri":"https://connectoricons-prod.azureedge.net/releases/v1.0.1385/1.0.1385.2110/office365users/icon.png","dataSources":["Office365Users"],"dependencies":[],"dependents":[],"parameterHints":{},"isOnPremiseConnection":false,"bypassConsent":false,"dataSets":{},"apiTier":"Standard","isCustomApiConnection":false},"31bb0048-a5d4-4ae5-bea3-678e53d2b7bb":{"id":"c087cb77-ffd0-4bf2-b978-bb27eebc7501","displayName":"SharePoint","iconUri":"https://connectoricons-prod.azureedge.net/releases/v1.0.1389/1.0.1389.2117/sharepointonline/icon.png","dataSources":["AccessRequest","Building","Floor","UserSetting","VisitorLog"],"dependencies":[],"dependents":[],"parameterHints":{},"isOnPremiseConnection":false,"bypassConsent":false,"dataSets":{"https://163gc.sharepoint.com/sites/DigitalTransformationProcessImprovement":{"dataSources":{"AccessRequest":{"tableName":"d79b972a-9735-49ac-bfac-6c97c174fec5"},"Building":{"tableName":"6cf5b8f5-b45c-49ae-97d8-ca685b41dd2f"},"Floor":{"tableName":"cad4f9cc-c71a-4b06-a86e-ad3f905b5361"},"UserSetting":{"tableName":"52785334-8b20-49dd-822e-1341ed762d65"},"VisitorLog":{"tableName":"36034d2a-90ff-4d35-af5d-9ec50e2f0e30"}}}},"apiTier":"Standard","isCustomApiConnection":false}},"databaseReferences":{},"almMode":"Environment","performanceOptimizationEnabled":true,"canConsumeAppPass":true},"isAppComponentLibrary":false,"appType":"ClassicCanvasApp","appComponents":[]}}